<?xml version="1.0" encoding="utf-8"?>
<!--/1594846/90309/2.50/54/2/Integrated Circuit/-->
<quadcept_library>
  <setting unit="mil" />
  <textstyle name="Default" height="47.244094488189" strokewidth="7.8740157480315" charwidth="47.244094488189" />
  <textstyle name="Dimension" height="19.6850393700787" strokewidth="0" charwidth="19.6850393700787" />
  <textstyle name="H127W0635TH00762" height="50" strokewidth="3" charwidth="25" />
  <textstyle name="H15W15TH02" height="59.0551181102362" strokewidth="7.8740157480315" charwidth="59.0551181102362" />
  <padstyle name="c21.6" surface="True" plated="False" isvia="False" nopaste="False" nomask="True" complex="False" holesize="0">
    <padshape layer="TOP" shape="round" width="8.5039370078739" height="8.5039370078739" />
    <padshape layer="TOP_SOLDER_MASK" shape="round" width="16.377952755905" height="16.377952755905" />
    <padshape layer="TOP_SOLDER_PASTE" shape="round" width="8.5039370078739" height="8.5039370078739" />
  </padstyle>
  <footprint name="BGA54C40P9X6_397X277X69" originx="0" originy="0" pickpointx="0" pickpointy="0">
    <pcbpin number="1" name="A1" style="c21.6" originx="-62.992125984251" originy="39.370078740157" rotation="90" />
    <pcbpin number="2" name="A2" style="c21.6" originx="-47.244094488188" originy="39.370078740157" rotation="90" />
    <pcbpin number="3" name="A3" style="c21.6" originx="-31.496062992126" originy="39.370078740157" rotation="90" />
    <pcbpin number="4" name="A4" style="c21.6" originx="-15.748031496063" originy="39.370078740157" rotation="90" />
    <pcbpin number="5" name="A5" style="c21.6" originx="0" originy="39.370078740157" rotation="90" />
    <pcbpin number="6" name="A6" style="c21.6" originx="15.748031496063" originy="39.370078740157" rotation="90" />
    <pcbpin number="7" name="A7" style="c21.6" originx="31.496062992126" originy="39.370078740157" rotation="90" />
    <pcbpin number="8" name="A8" style="c21.6" originx="47.244094488188" originy="39.370078740157" rotation="90" />
    <pcbpin number="9" name="A9" style="c21.6" originx="62.992125984251" originy="39.370078740157" rotation="90" />
    <pcbpin number="10" name="B1" style="c21.6" originx="-62.992125984251" originy="23.622047244094" rotation="90" />
    <pcbpin number="11" name="B2" style="c21.6" originx="-47.244094488188" originy="23.622047244094" rotation="90" />
    <pcbpin number="12" name="B3" style="c21.6" originx="-31.496062992126" originy="23.622047244094" rotation="90" />
    <pcbpin number="13" name="B4" style="c21.6" originx="-15.748031496063" originy="23.622047244094" rotation="90" />
    <pcbpin number="14" name="B5" style="c21.6" originx="0" originy="23.622047244094" rotation="90" />
    <pcbpin number="15" name="B6" style="c21.6" originx="15.748031496063" originy="23.622047244094" rotation="90" />
    <pcbpin number="16" name="B7" style="c21.6" originx="31.496062992126" originy="23.622047244094" rotation="90" />
    <pcbpin number="17" name="B8" style="c21.6" originx="47.244094488188" originy="23.622047244094" rotation="90" />
    <pcbpin number="18" name="B9" style="c21.6" originx="62.992125984251" originy="23.622047244094" rotation="90" />
    <pcbpin number="19" name="C1" style="c21.6" originx="-62.992125984251" originy="7.8740157480314" rotation="90" />
    <pcbpin number="20" name="C2" style="c21.6" originx="-47.244094488188" originy="7.8740157480314" rotation="90" />
    <pcbpin number="21" name="C3" style="c21.6" originx="-31.496062992126" originy="7.8740157480314" rotation="90" />
    <pcbpin number="22" name="C4" style="c21.6" originx="-15.748031496063" originy="7.8740157480314" rotation="90" />
    <pcbpin number="23" name="C5" style="c21.6" originx="0" originy="7.8740157480314" rotation="90" />
    <pcbpin number="24" name="C6" style="c21.6" originx="15.748031496063" originy="7.8740157480314" rotation="90" />
    <pcbpin number="25" name="C7" style="c21.6" originx="31.496062992126" originy="7.8740157480314" rotation="90" />
    <pcbpin number="26" name="C8" style="c21.6" originx="47.244094488188" originy="7.8740157480314" rotation="90" />
    <pcbpin number="27" name="C9" style="c21.6" originx="62.992125984251" originy="7.8740157480314" rotation="90" />
    <pcbpin number="28" name="D1" style="c21.6" originx="-62.992125984251" originy="-7.8740157480314" rotation="90" />
    <pcbpin number="29" name="D2" style="c21.6" originx="-47.244094488188" originy="-7.8740157480314" rotation="90" />
    <pcbpin number="30" name="D3" style="c21.6" originx="-31.496062992126" originy="-7.8740157480314" rotation="90" />
    <pcbpin number="31" name="D4" style="c21.6" originx="-15.748031496063" originy="-7.8740157480314" rotation="90" />
    <pcbpin number="32" name="D5" style="c21.6" originx="0" originy="-7.8740157480314" rotation="90" />
    <pcbpin number="33" name="D6" style="c21.6" originx="15.748031496063" originy="-7.8740157480314" rotation="90" />
    <pcbpin number="34" name="D7" style="c21.6" originx="31.496062992126" originy="-7.8740157480314" rotation="90" />
    <pcbpin number="35" name="D8" style="c21.6" originx="47.244094488188" originy="-7.8740157480314" rotation="90" />
    <pcbpin number="36" name="D9" style="c21.6" originx="62.992125984251" originy="-7.8740157480314" rotation="90" />
    <pcbpin number="37" name="E1" style="c21.6" originx="-62.992125984251" originy="-23.622047244094" rotation="90" />
    <pcbpin number="38" name="E2" style="c21.6" originx="-47.244094488188" originy="-23.622047244094" rotation="90" />
    <pcbpin number="39" name="E3" style="c21.6" originx="-31.496062992126" originy="-23.622047244094" rotation="90" />
    <pcbpin number="40" name="E4" style="c21.6" originx="-15.748031496063" originy="-23.622047244094" rotation="90" />
    <pcbpin number="41" name="E5" style="c21.6" originx="0" originy="-23.622047244094" rotation="90" />
    <pcbpin number="42" name="E6" style="c21.6" originx="15.748031496063" originy="-23.622047244094" rotation="90" />
    <pcbpin number="43" name="E7" style="c21.6" originx="31.496062992126" originy="-23.622047244094" rotation="90" />
    <pcbpin number="44" name="E8" style="c21.6" originx="47.244094488188" originy="-23.622047244094" rotation="90" />
    <pcbpin number="45" name="E9" style="c21.6" originx="62.992125984251" originy="-23.622047244094" rotation="90" />
    <pcbpin number="46" name="F1" style="c21.6" originx="-62.992125984251" originy="-39.370078740157" rotation="90" />
    <pcbpin number="47" name="F2" style="c21.6" originx="-47.244094488188" originy="-39.370078740157" rotation="90" />
    <pcbpin number="48" name="F3" style="c21.6" originx="-31.496062992126" originy="-39.370078740157" rotation="90" />
    <pcbpin number="49" name="F4" style="c21.6" originx="-15.748031496063" originy="-39.370078740157" rotation="90" />
    <pcbpin number="50" name="F5" style="c21.6" originx="0" originy="-39.370078740157" rotation="90" />
    <pcbpin number="51" name="F6" style="c21.6" originx="15.748031496063" originy="-39.370078740157" rotation="90" />
    <pcbpin number="52" name="F7" style="c21.6" originx="31.496062992126" originy="-39.370078740157" rotation="90" />
    <pcbpin number="53" name="F8" style="c21.6" originx="47.244094488188" originy="-39.370078740157" rotation="90" />
    <pcbpin number="54" name="F9" style="c21.6" originx="62.992125984251" originy="-39.370078740157" rotation="90" />
    <line layer="TOP_PLACE_BOUND" originx="-117.95275590551" originy="94.330708661416" endx="117.99212598425" endy="94.330708661416" width="1.9685039370079" />
    <line layer="TOP_PLACE_BOUND" originx="117.99212598425" originy="94.330708661416" endx="117.99212598425" endy="-94.370078740156" width="1.9685039370079" />
    <line layer="TOP_PLACE_BOUND" originx="117.99212598425" originy="-94.370078740156" endx="-117.95275590551" endy="-94.370078740156" width="1.9685039370079" />
    <line layer="TOP_PLACE_BOUND" originx="-117.95275590551" originy="-94.370078740156" endx="-117.95275590551" endy="94.330708661416" width="1.9685039370079" />
    <line layer="TOP_ASSEMBLY" originx="-78.110236220471" originy="54.488188976377" endx="78.110236220471" endy="54.488188976377" width="3.9370078740157" />
    <line layer="TOP_ASSEMBLY" originx="78.110236220471" originy="54.488188976377" endx="78.110236220471" endy="-54.488188976377" width="3.9370078740157" />
    <line layer="TOP_ASSEMBLY" originx="78.110236220471" originy="-54.488188976377" endx="-78.110236220471" endy="-54.488188976377" width="3.9370078740157" />
    <line layer="TOP_ASSEMBLY" originx="-78.110236220471" originy="-54.488188976377" endx="-78.110236220471" endy="54.488188976377" width="3.9370078740157" />
    <line layer="TOP_ASSEMBLY" originx="-78.110236220471" originy="27.007874015748" endx="-50.629921259842" endy="54.488188976377" width="3.9370078740157" />
    <line layer="TOP_SILKSCREEN" originx="-62.992125984251" originy="57.401574803149" endx="81.023622047243" endy="57.401574803149" width="7.8740157480314" />
    <line layer="TOP_SILKSCREEN" originx="81.023622047243" originy="57.401574803149" endx="81.023622047243" endy="-57.401574803149" width="7.8740157480314" />
    <line layer="TOP_SILKSCREEN" originx="81.023622047243" originy="-57.401574803149" endx="-81.023622047243" endy="-57.401574803149" width="7.8740157480314" />
    <line layer="TOP_SILKSCREEN" originx="-81.023622047243" originy="-57.401574803149" endx="-81.023622047243" endy="39.370078740157" width="7.8740157480314" />
    <line layer="TOP_SILKSCREEN" originx="-81.023622047243" originy="39.370078740157" endx="-62.992125984251" endy="57.401574803149" width="7.8740157480314" />
    <arc layer="TOP_SILKSCREEN" originx="-81.023622047243" originy="57.401574803149" startangle="180" sweepangle="180" radius="3.9370078740157" width="7.8740157480314" />
    <arc layer="TOP_SILKSCREEN" originx="-81.023622047243" originy="57.401574803149" startangle="180" sweepangle="-180" radius="3.9370078740157" width="7.8740157480314" />
  </footprint>
  <symbol name="MAX14748BEWW+T" originx="0" originy="0">
    <line originx="200" originy="100" endx="1200" endy="100" width="0" />
    <line originx="1200" originy="-2700" endx="1200" endy="100" width="0" />
    <line originx="1200" originy="-2700" endx="200" endy="-2700" width="0" />
    <line originx="200" originy="100" endx="200" endy="-2700" width="0" />
    <sympin number="1" originx="200" originy="0" rotation="180" length="100" width="7.8740157480315" flipped="False">
      <text name="pinname" originx="230" originy="0" style="Default" rotation="0" justify="left" flipped="False" hidden="False" data="AGND" />
      <text name="pindes" originx="140" originy="20" style="Default" rotation="0" justify="lowerright" flipped="False" hidden="False" data="A1" />
    </sympin>
    <sympin number="2" originx="200" originy="-100" rotation="180" length="100" width="7.8740157480315" flipped="False">
      <text name="pinname" originx="230" originy="-100" style="Default" rotation="0" justify="left" flipped="False" hidden="False" data="\FLTIN" />
      <text name="pindes" originx="140" originy="-80" style="Default" rotation="0" justify="lowerright" flipped="False" hidden="False" data="A2" />
    </sympin>
    <sympin number="3" originx="200" originy="-200" rotation="180" length="100" width="7.8740157480315" flipped="False">
      <text name="pinname" originx="230" originy="-200" style="Default" rotation="0" justify="left" flipped="False" hidden="False" data="SYSOK" />
      <text name="pindes" originx="140" originy="-180" style="Default" rotation="0" justify="lowerright" flipped="False" hidden="False" data="A3" />
    </sympin>
    <sympin number="4" originx="200" originy="-300" rotation="180" length="100" width="7.8740157480315" flipped="False">
      <text name="pinname" originx="230" originy="-300" style="Default" rotation="0" justify="left" flipped="False" hidden="False" data="TPU" />
      <text name="pindes" originx="140" originy="-280" style="Default" rotation="0" justify="lowerright" flipped="False" hidden="False" data="A4" />
    </sympin>
    <sympin number="5" originx="200" originy="-400" rotation="180" length="100" width="7.8740157480315" flipped="False">
      <text name="pinname" originx="230" originy="-400" style="Default" rotation="0" justify="left" flipped="False" hidden="False" data="COMP" />
      <text name="pindes" originx="140" originy="-380" style="Default" rotation="0" justify="lowerright" flipped="False" hidden="False" data="A5" />
    </sympin>
    <sympin number="6" originx="200" originy="-500" rotation="180" length="100" width="7.8740157480315" flipped="False">
      <text name="pinname" originx="230" originy="-500" style="Default" rotation="0" justify="left" flipped="False" hidden="False" data="SET" />
      <text name="pindes" originx="140" originy="-480" style="Default" rotation="0" justify="lowerright" flipped="False" hidden="False" data="A6" />
    </sympin>
    <sympin number="7" originx="200" originy="-600" rotation="180" length="100" width="7.8740157480315" flipped="False">
      <text name="pinname" originx="230" originy="-600" style="Default" rotation="0" justify="left" flipped="False" hidden="False" data="BAT_1" />
      <text name="pindes" originx="140" originy="-580" style="Default" rotation="0" justify="lowerright" flipped="False" hidden="False" data="A7" />
    </sympin>
    <sympin number="8" originx="200" originy="-700" rotation="180" length="100" width="7.8740157480315" flipped="False">
      <text name="pinname" originx="230" originy="-700" style="Default" rotation="0" justify="left" flipped="False" hidden="False" data="BAT_2" />
      <text name="pindes" originx="140" originy="-680" style="Default" rotation="0" justify="lowerright" flipped="False" hidden="False" data="A8" />
    </sympin>
    <sympin number="9" originx="200" originy="-800" rotation="180" length="100" width="7.8740157480315" flipped="False">
      <text name="pinname" originx="230" originy="-800" style="Default" rotation="0" justify="left" flipped="False" hidden="False" data="BAT_3" />
      <text name="pindes" originx="140" originy="-780" style="Default" rotation="0" justify="lowerright" flipped="False" hidden="False" data="A9" />
    </sympin>
    <sympin number="10" originx="200" originy="-900" rotation="180" length="100" width="7.8740157480315" flipped="False">
      <text name="pinname" originx="230" originy="-900" style="Default" rotation="0" justify="left" flipped="False" hidden="False" data="CC2" />
      <text name="pindes" originx="140" originy="-880" style="Default" rotation="0" justify="lowerright" flipped="False" hidden="False" data="B1" />
    </sympin>
    <sympin number="11" originx="200" originy="-1000" rotation="180" length="100" width="7.8740157480315" flipped="False">
      <text name="pinname" originx="230" originy="-1000" style="Default" rotation="0" justify="left" flipped="False" hidden="False" data="FSUS" />
      <text name="pindes" originx="140" originy="-980" style="Default" rotation="0" justify="lowerright" flipped="False" hidden="False" data="B2" />
    </sympin>
    <sympin number="12" originx="200" originy="-1100" rotation="180" length="100" width="7.8740157480315" flipped="False">
      <text name="pinname" originx="230" originy="-1100" style="Default" rotation="0" justify="left" flipped="False" hidden="False" data="DGND" />
      <text name="pindes" originx="140" originy="-1080" style="Default" rotation="0" justify="lowerright" flipped="False" hidden="False" data="B3" />
    </sympin>
    <sympin number="13" originx="200" originy="-1200" rotation="180" length="100" width="7.8740157480315" flipped="False">
      <text name="pinname" originx="230" originy="-1200" style="Default" rotation="0" justify="left" flipped="False" hidden="False" data="VTPU" />
      <text name="pindes" originx="140" originy="-1180" style="Default" rotation="0" justify="lowerright" flipped="False" hidden="False" data="B4" />
    </sympin>
    <sympin number="14" originx="200" originy="-1300" rotation="180" length="100" width="7.8740157480315" flipped="False">
      <text name="pinname" originx="230" originy="-1300" style="Default" rotation="0" justify="left" flipped="False" hidden="False" data="BREG" />
      <text name="pindes" originx="140" originy="-1280" style="Default" rotation="0" justify="lowerright" flipped="False" hidden="False" data="B5" />
    </sympin>
    <sympin number="15" originx="200" originy="-1400" rotation="180" length="100" width="7.8740157480315" flipped="False">
      <text name="pinname" originx="230" originy="-1400" style="Default" rotation="0" justify="left" flipped="False" hidden="False" data="SYS_1" />
      <text name="pindes" originx="140" originy="-1380" style="Default" rotation="0" justify="lowerright" flipped="False" hidden="False" data="B6" />
    </sympin>
    <sympin number="16" originx="200" originy="-1500" rotation="180" length="100" width="7.8740157480315" flipped="False">
      <text name="pinname" originx="230" originy="-1500" style="Default" rotation="0" justify="left" flipped="False" hidden="False" data="SYS_2" />
      <text name="pindes" originx="140" originy="-1480" style="Default" rotation="0" justify="lowerright" flipped="False" hidden="False" data="B7" />
    </sympin>
    <sympin number="17" originx="200" originy="-1600" rotation="180" length="100" width="7.8740157480315" flipped="False">
      <text name="pinname" originx="230" originy="-1600" style="Default" rotation="0" justify="left" flipped="False" hidden="False" data="SYS_3" />
      <text name="pindes" originx="140" originy="-1580" style="Default" rotation="0" justify="lowerright" flipped="False" hidden="False" data="B8" />
    </sympin>
    <sympin number="18" originx="200" originy="-1700" rotation="180" length="100" width="7.8740157480315" flipped="False">
      <text name="pinname" originx="230" originy="-1700" style="Default" rotation="0" justify="left" flipped="False" hidden="False" data="SYS_4" />
      <text name="pindes" originx="140" originy="-1680" style="Default" rotation="0" justify="lowerright" flipped="False" hidden="False" data="B9" />
    </sympin>
    <sympin number="19" originx="200" originy="-1800" rotation="180" length="100" width="7.8740157480315" flipped="False">
      <text name="pinname" originx="230" originy="-1800" style="Default" rotation="0" justify="left" flipped="False" hidden="False" data="VCONN" />
      <text name="pindes" originx="140" originy="-1780" style="Default" rotation="0" justify="lowerright" flipped="False" hidden="False" data="C1" />
    </sympin>
    <sympin number="20" originx="200" originy="-1900" rotation="180" length="100" width="7.8740157480315" flipped="False">
      <text name="pinname" originx="230" originy="-1900" style="Default" rotation="0" justify="left" flipped="False" hidden="False" data="SCL" />
      <text name="pindes" originx="140" originy="-1880" style="Default" rotation="0" justify="lowerright" flipped="False" hidden="False" data="C2" />
    </sympin>
    <sympin number="21" originx="200" originy="-2000" rotation="180" length="100" width="7.8740157480315" flipped="False">
      <text name="pinname" originx="230" originy="-2000" style="Default" rotation="0" justify="left" flipped="False" hidden="False" data="VCCINT" />
      <text name="pindes" originx="140" originy="-1980" style="Default" rotation="0" justify="lowerright" flipped="False" hidden="False" data="C3" />
    </sympin>
    <sympin number="22" originx="200" originy="-2100" rotation="180" length="100" width="7.8740157480315" flipped="False">
      <text name="pinname" originx="230" originy="-2100" style="Default" rotation="0" justify="left" flipped="False" hidden="False" data="GND_1" />
      <text name="pindes" originx="140" originy="-2080" style="Default" rotation="0" justify="lowerright" flipped="False" hidden="False" data="C4" />
    </sympin>
    <sympin number="23" originx="200" originy="-2200" rotation="180" length="100" width="7.8740157480315" flipped="False">
      <text name="pinname" originx="230" originy="-2200" style="Default" rotation="0" justify="left" flipped="False" hidden="False" data="BST" />
      <text name="pindes" originx="140" originy="-2180" style="Default" rotation="0" justify="lowerright" flipped="False" hidden="False" data="C5" />
    </sympin>
    <sympin number="24" originx="200" originy="-2300" rotation="180" length="100" width="7.8740157480315" flipped="False">
      <text name="pinname" originx="230" originy="-2300" style="Default" rotation="0" justify="left" flipped="False" hidden="False" data="LX_1" />
      <text name="pindes" originx="140" originy="-2280" style="Default" rotation="0" justify="lowerright" flipped="False" hidden="False" data="C6" />
    </sympin>
    <sympin number="25" originx="200" originy="-2400" rotation="180" length="100" width="7.8740157480315" flipped="False">
      <text name="pinname" originx="230" originy="-2400" style="Default" rotation="0" justify="left" flipped="False" hidden="False" data="LX_2" />
      <text name="pindes" originx="140" originy="-2380" style="Default" rotation="0" justify="lowerright" flipped="False" hidden="False" data="C7" />
    </sympin>
    <sympin number="26" originx="200" originy="-2500" rotation="180" length="100" width="7.8740157480315" flipped="False">
      <text name="pinname" originx="230" originy="-2500" style="Default" rotation="0" justify="left" flipped="False" hidden="False" data="LX_3" />
      <text name="pindes" originx="140" originy="-2480" style="Default" rotation="0" justify="lowerright" flipped="False" hidden="False" data="C8" />
    </sympin>
    <sympin number="27" originx="200" originy="-2600" rotation="180" length="100" width="7.8740157480315" flipped="False">
      <text name="pinname" originx="230" originy="-2600" style="Default" rotation="0" justify="left" flipped="False" hidden="False" data="LX_4" />
      <text name="pindes" originx="140" originy="-2580" style="Default" rotation="0" justify="lowerright" flipped="False" hidden="False" data="C9" />
    </sympin>
    <sympin number="28" originx="1200" originy="0" rotation="0" length="100" width="7.8740157480315" flipped="False">
      <text name="pinname" originx="1170" originy="0" style="Default" rotation="0" justify="right" flipped="False" hidden="False" data="CC1" />
      <text name="pindes" originx="1260" originy="20" style="Default" rotation="0" justify="lowerleft" flipped="False" hidden="False" data="D1" />
    </sympin>
    <sympin number="29" originx="1200" originy="-100" rotation="0" length="100" width="7.8740157480315" flipped="False">
      <text name="pinname" originx="1170" originy="-100" style="Default" rotation="0" justify="right" flipped="False" hidden="False" data="SDA" />
      <text name="pindes" originx="1260" originy="-80" style="Default" rotation="0" justify="lowerleft" flipped="False" hidden="False" data="D2" />
    </sympin>
    <sympin number="30" originx="1200" originy="-200" rotation="0" length="100" width="7.8740157480315" flipped="False">
      <text name="pinname" originx="1170" originy="-200" style="Default" rotation="0" justify="right" flipped="False" hidden="False" data="\INT" />
      <text name="pindes" originx="1260" originy="-180" style="Default" rotation="0" justify="lowerleft" flipped="False" hidden="False" data="D3" />
    </sympin>
    <sympin number="31" originx="1200" originy="-300" rotation="0" length="100" width="7.8740157480315" flipped="False">
      <text name="pinname" originx="1170" originy="-300" style="Default" rotation="0" justify="right" flipped="False" hidden="False" data="GND_2" />
      <text name="pindes" originx="1260" originy="-280" style="Default" rotation="0" justify="lowerleft" flipped="False" hidden="False" data="D4" />
    </sympin>
    <sympin number="32" originx="1200" originy="-400" rotation="0" length="100" width="7.8740157480315" flipped="False">
      <text name="pinname" originx="1170" originy="-400" style="Default" rotation="0" justify="right" flipped="False" hidden="False" data="GND_3" />
      <text name="pindes" originx="1260" originy="-380" style="Default" rotation="0" justify="lowerleft" flipped="False" hidden="False" data="D5" />
    </sympin>
    <sympin number="33" originx="1200" originy="-500" rotation="0" length="100" width="7.8740157480315" flipped="False">
      <text name="pinname" originx="1170" originy="-500" style="Default" rotation="0" justify="right" flipped="False" hidden="False" data="PGND_1" />
      <text name="pindes" originx="1260" originy="-480" style="Default" rotation="0" justify="lowerleft" flipped="False" hidden="False" data="D6" />
    </sympin>
    <sympin number="34" originx="1200" originy="-600" rotation="0" length="100" width="7.8740157480315" flipped="False">
      <text name="pinname" originx="1170" originy="-600" style="Default" rotation="0" justify="right" flipped="False" hidden="False" data="PGND_2" />
      <text name="pindes" originx="1260" originy="-580" style="Default" rotation="0" justify="lowerleft" flipped="False" hidden="False" data="D7" />
    </sympin>
    <sympin number="35" originx="1200" originy="-700" rotation="0" length="100" width="7.8740157480315" flipped="False">
      <text name="pinname" originx="1170" originy="-700" style="Default" rotation="0" justify="right" flipped="False" hidden="False" data="PGND_3" />
      <text name="pindes" originx="1260" originy="-680" style="Default" rotation="0" justify="lowerleft" flipped="False" hidden="False" data="D8" />
    </sympin>
    <sympin number="36" originx="1200" originy="-800" rotation="0" length="100" width="7.8740157480315" flipped="False">
      <text name="pinname" originx="1170" originy="-800" style="Default" rotation="0" justify="right" flipped="False" hidden="False" data="PGND_4" />
      <text name="pindes" originx="1260" originy="-780" style="Default" rotation="0" justify="lowerleft" flipped="False" hidden="False" data="D9" />
    </sympin>
    <sympin number="37" originx="1200" originy="-900" rotation="0" length="100" width="7.8740157480315" flipped="False">
      <text name="pinname" originx="1170" originy="-900" style="Default" rotation="0" justify="right" flipped="False" hidden="False" data="CDN" />
      <text name="pindes" originx="1260" originy="-880" style="Default" rotation="0" justify="lowerleft" flipped="False" hidden="False" data="E1" />
    </sympin>
    <sympin number="38" originx="1200" originy="-1000" rotation="0" length="100" width="7.8740157480315" flipped="False">
      <text name="pinname" originx="1170" originy="-1000" style="Default" rotation="0" justify="right" flipped="False" hidden="False" data="LED" />
      <text name="pindes" originx="1260" originy="-980" style="Default" rotation="0" justify="lowerleft" flipped="False" hidden="False" data="E2" />
    </sympin>
    <sympin number="39" originx="1200" originy="-1100" rotation="0" length="100" width="7.8740157480315" flipped="False">
      <text name="pinname" originx="1170" originy="-1100" style="Default" rotation="0" justify="right" flipped="False" hidden="False" data="THM" />
      <text name="pindes" originx="1260" originy="-1080" style="Default" rotation="0" justify="lowerleft" flipped="False" hidden="False" data="E3" />
    </sympin>
    <sympin number="40" originx="1200" originy="-1200" rotation="0" length="100" width="7.8740157480315" flipped="False">
      <text name="pinname" originx="1170" originy="-1200" style="Default" rotation="0" justify="right" flipped="False" hidden="False" data="SFOUT" />
      <text name="pindes" originx="1260" originy="-1180" style="Default" rotation="0" justify="lowerleft" flipped="False" hidden="False" data="E4" />
    </sympin>
    <sympin number="41" originx="1200" originy="-1300" rotation="0" length="100" width="7.8740157480315" flipped="False">
      <text name="pinname" originx="1170" originy="-1300" style="Default" rotation="0" justify="right" flipped="False" hidden="False" data="CDIR" />
      <text name="pindes" originx="1260" originy="-1280" style="Default" rotation="0" justify="lowerleft" flipped="False" hidden="False" data="E5" />
    </sympin>
    <sympin number="42" originx="1200" originy="-1400" rotation="0" length="100" width="7.8740157480315" flipped="False">
      <text name="pinname" originx="1170" originy="-1400" style="Default" rotation="0" justify="right" flipped="False" hidden="False" data="BYP_1" />
      <text name="pindes" originx="1260" originy="-1380" style="Default" rotation="0" justify="lowerleft" flipped="False" hidden="False" data="E6" />
    </sympin>
    <sympin number="43" originx="1200" originy="-1500" rotation="0" length="100" width="7.8740157480315" flipped="False">
      <text name="pinname" originx="1170" originy="-1500" style="Default" rotation="0" justify="right" flipped="False" hidden="False" data="BYP_2" />
      <text name="pindes" originx="1260" originy="-1480" style="Default" rotation="0" justify="lowerleft" flipped="False" hidden="False" data="E7" />
    </sympin>
    <sympin number="44" originx="1200" originy="-1600" rotation="0" length="100" width="7.8740157480315" flipped="False">
      <text name="pinname" originx="1170" originy="-1600" style="Default" rotation="0" justify="right" flipped="False" hidden="False" data="BYP_3" />
      <text name="pindes" originx="1260" originy="-1580" style="Default" rotation="0" justify="lowerleft" flipped="False" hidden="False" data="E8" />
    </sympin>
    <sympin number="45" originx="1200" originy="-1700" rotation="0" length="100" width="7.8740157480315" flipped="False">
      <text name="pinname" originx="1170" originy="-1700" style="Default" rotation="0" justify="right" flipped="False" hidden="False" data="BYP_4" />
      <text name="pindes" originx="1260" originy="-1680" style="Default" rotation="0" justify="lowerleft" flipped="False" hidden="False" data="E9" />
    </sympin>
    <sympin number="46" originx="1200" originy="-1800" rotation="0" length="100" width="7.8740157480315" flipped="False">
      <text name="pinname" originx="1170" originy="-1800" style="Default" rotation="0" justify="right" flipped="False" hidden="False" data="CDP" />
      <text name="pindes" originx="1260" originy="-1780" style="Default" rotation="0" justify="lowerleft" flipped="False" hidden="False" data="F1" />
    </sympin>
    <sympin number="47" originx="1200" originy="-1900" rotation="0" length="100" width="7.8740157480315" flipped="False">
      <text name="pinname" originx="1170" originy="-1900" style="Default" rotation="0" justify="right" flipped="False" hidden="False" data="TDP" />
      <text name="pindes" originx="1260" originy="-1880" style="Default" rotation="0" justify="lowerleft" flipped="False" hidden="False" data="F2" />
    </sympin>
    <sympin number="48" originx="1200" originy="-2000" rotation="0" length="100" width="7.8740157480315" flipped="False">
      <text name="pinname" originx="1170" originy="-2000" style="Default" rotation="0" justify="right" flipped="False" hidden="False" data="TDN" />
      <text name="pindes" originx="1260" originy="-1980" style="Default" rotation="0" justify="lowerleft" flipped="False" hidden="False" data="F3" />
    </sympin>
    <sympin number="49" originx="1200" originy="-2100" rotation="0" length="100" width="7.8740157480315" flipped="False">
      <text name="pinname" originx="1170" originy="-2100" style="Default" rotation="0" justify="right" flipped="False" hidden="False" data="BVCEN" />
      <text name="pindes" originx="1260" originy="-2080" style="Default" rotation="0" justify="lowerleft" flipped="False" hidden="False" data="F4" />
    </sympin>
    <sympin number="50" originx="1200" originy="-2200" rotation="0" length="100" width="7.8740157480315" flipped="False">
      <text name="pinname" originx="1170" originy="-2200" style="Default" rotation="0" justify="right" flipped="False" hidden="False" data="NVP" />
      <text name="pindes" originx="1260" originy="-2180" style="Default" rotation="0" justify="lowerleft" flipped="False" hidden="False" data="F5" />
    </sympin>
    <sympin number="51" originx="1200" originy="-2300" rotation="0" length="100" width="7.8740157480315" flipped="False">
      <text name="pinname" originx="1170" originy="-2300" style="Default" rotation="0" justify="right" flipped="False" hidden="False" data="CHGIN_1" />
      <text name="pindes" originx="1260" originy="-2280" style="Default" rotation="0" justify="lowerleft" flipped="False" hidden="False" data="F6" />
    </sympin>
    <sympin number="52" originx="1200" originy="-2400" rotation="0" length="100" width="7.8740157480315" flipped="False">
      <text name="pinname" originx="1170" originy="-2400" style="Default" rotation="0" justify="right" flipped="False" hidden="False" data="CHGIN_2" />
      <text name="pindes" originx="1260" originy="-2380" style="Default" rotation="0" justify="lowerleft" flipped="False" hidden="False" data="F7" />
    </sympin>
    <sympin number="53" originx="1200" originy="-2500" rotation="0" length="100" width="7.8740157480315" flipped="False">
      <text name="pinname" originx="1170" originy="-2500" style="Default" rotation="0" justify="right" flipped="False" hidden="False" data="CHGIN_3" />
      <text name="pindes" originx="1260" originy="-2480" style="Default" rotation="0" justify="lowerleft" flipped="False" hidden="False" data="F8" />
    </sympin>
    <sympin number="54" originx="1200" originy="-2600" rotation="0" length="100" width="7.8740157480315" flipped="False">
      <text name="pinname" originx="1170" originy="-2600" style="Default" rotation="0" justify="right" flipped="False" hidden="False" data="CHGIN_4" />
      <text name="pindes" originx="1260" originy="-2580" style="Default" rotation="0" justify="lowerleft" flipped="False" hidden="False" data="F9" />
    </sympin>
  </symbol>
  <component name="MAX14748BEWW+T" designatorprefix="IC" height="27.165354330708" footprint="BGA54C40P9X6_397X277X69">
    <comppin designator="A1" sympin="1" pinswap="0" gateswap="0" gate="1" group="1" side="" type="Any" name="AGND" />
    <comppin designator="A2" sympin="2" pinswap="0" gateswap="0" gate="1" group="1" side="" type="Any" name="|FLTIN" />
    <comppin designator="A3" sympin="3" pinswap="0" gateswap="0" gate="1" group="1" side="" type="Any" name="SYSOK" />
    <comppin designator="A4" sympin="4" pinswap="0" gateswap="0" gate="1" group="1" side="" type="Any" name="TPU" />
    <comppin designator="A5" sympin="5" pinswap="0" gateswap="0" gate="1" group="1" side="" type="Any" name="COMP" />
    <comppin designator="A6" sympin="6" pinswap="0" gateswap="0" gate="1" group="1" side="" type="Any" name="SET" />
    <comppin designator="A7" sympin="7" pinswap="0" gateswap="0" gate="1" group="1" side="" type="Any" name="BAT_1" />
    <comppin designator="A8" sympin="8" pinswap="0" gateswap="0" gate="1" group="1" side="" type="Any" name="BAT_2" />
    <comppin designator="A9" sympin="9" pinswap="0" gateswap="0" gate="1" group="1" side="" type="Any" name="BAT_3" />
    <comppin designator="B1" sympin="10" pinswap="0" gateswap="0" gate="1" group="1" side="" type="Any" name="CC2" />
    <comppin designator="B2" sympin="11" pinswap="0" gateswap="0" gate="1" group="1" side="" type="Any" name="FSUS" />
    <comppin designator="B3" sympin="12" pinswap="0" gateswap="0" gate="1" group="1" side="" type="Any" name="DGND" />
    <comppin designator="B4" sympin="13" pinswap="0" gateswap="0" gate="1" group="1" side="" type="Any" name="VTPU" />
    <comppin designator="B5" sympin="14" pinswap="0" gateswap="0" gate="1" group="1" side="" type="Any" name="BREG" />
    <comppin designator="B6" sympin="15" pinswap="0" gateswap="0" gate="1" group="1" side="" type="Any" name="SYS_1" />
    <comppin designator="B7" sympin="16" pinswap="0" gateswap="0" gate="1" group="1" side="" type="Any" name="SYS_2" />
    <comppin designator="B8" sympin="17" pinswap="0" gateswap="0" gate="1" group="1" side="" type="Any" name="SYS_3" />
    <comppin designator="B9" sympin="18" pinswap="0" gateswap="0" gate="1" group="1" side="" type="Any" name="SYS_4" />
    <comppin designator="C1" sympin="19" pinswap="0" gateswap="0" gate="1" group="1" side="" type="Any" name="VCONN" />
    <comppin designator="C2" sympin="20" pinswap="0" gateswap="0" gate="1" group="1" side="" type="Any" name="SCL" />
    <comppin designator="C3" sympin="21" pinswap="0" gateswap="0" gate="1" group="1" side="" type="Any" name="VCCINT" />
    <comppin designator="C4" sympin="22" pinswap="0" gateswap="0" gate="1" group="1" side="" type="Any" name="GND_1" />
    <comppin designator="C5" sympin="23" pinswap="0" gateswap="0" gate="1" group="1" side="" type="Any" name="BST" />
    <comppin designator="C6" sympin="24" pinswap="0" gateswap="0" gate="1" group="1" side="" type="Any" name="LX_1" />
    <comppin designator="C7" sympin="25" pinswap="0" gateswap="0" gate="1" group="1" side="" type="Any" name="LX_2" />
    <comppin designator="C8" sympin="26" pinswap="0" gateswap="0" gate="1" group="1" side="" type="Any" name="LX_3" />
    <comppin designator="C9" sympin="27" pinswap="0" gateswap="0" gate="1" group="1" side="" type="Any" name="LX_4" />
    <comppin designator="D1" sympin="28" pinswap="0" gateswap="0" gate="1" group="1" side="" type="Any" name="CC1" />
    <comppin designator="D2" sympin="29" pinswap="0" gateswap="0" gate="1" group="1" side="" type="Any" name="SDA" />
    <comppin designator="D3" sympin="30" pinswap="0" gateswap="0" gate="1" group="1" side="" type="Any" name="|INT" />
    <comppin designator="D4" sympin="31" pinswap="0" gateswap="0" gate="1" group="1" side="" type="Any" name="GND_2" />
    <comppin designator="D5" sympin="32" pinswap="0" gateswap="0" gate="1" group="1" side="" type="Any" name="GND_3" />
    <comppin designator="D6" sympin="33" pinswap="0" gateswap="0" gate="1" group="1" side="" type="Any" name="PGND_1" />
    <comppin designator="D7" sympin="34" pinswap="0" gateswap="0" gate="1" group="1" side="" type="Any" name="PGND_2" />
    <comppin designator="D8" sympin="35" pinswap="0" gateswap="0" gate="1" group="1" side="" type="Any" name="PGND_3" />
    <comppin designator="D9" sympin="36" pinswap="0" gateswap="0" gate="1" group="1" side="" type="Any" name="PGND_4" />
    <comppin designator="E1" sympin="37" pinswap="0" gateswap="0" gate="1" group="1" side="" type="Any" name="CDN" />
    <comppin designator="E2" sympin="38" pinswap="0" gateswap="0" gate="1" group="1" side="" type="Any" name="LED" />
    <comppin designator="E3" sympin="39" pinswap="0" gateswap="0" gate="1" group="1" side="" type="Any" name="THM" />
    <comppin designator="E4" sympin="40" pinswap="0" gateswap="0" gate="1" group="1" side="" type="Any" name="SFOUT" />
    <comppin designator="E5" sympin="41" pinswap="0" gateswap="0" gate="1" group="1" side="" type="Any" name="CDIR" />
    <comppin designator="E6" sympin="42" pinswap="0" gateswap="0" gate="1" group="1" side="" type="Any" name="BYP_1" />
    <comppin designator="E7" sympin="43" pinswap="0" gateswap="0" gate="1" group="1" side="" type="Any" name="BYP_2" />
    <comppin designator="E8" sympin="44" pinswap="0" gateswap="0" gate="1" group="1" side="" type="Any" name="BYP_3" />
    <comppin designator="E9" sympin="45" pinswap="0" gateswap="0" gate="1" group="1" side="" type="Any" name="BYP_4" />
    <comppin designator="F1" sympin="46" pinswap="0" gateswap="0" gate="1" group="1" side="" type="Any" name="CDP" />
    <comppin designator="F2" sympin="47" pinswap="0" gateswap="0" gate="1" group="1" side="" type="Any" name="TDP" />
    <comppin designator="F3" sympin="48" pinswap="0" gateswap="0" gate="1" group="1" side="" type="Any" name="TDN" />
    <comppin designator="F4" sympin="49" pinswap="0" gateswap="0" gate="1" group="1" side="" type="Any" name="BVCEN" />
    <comppin designator="F5" sympin="50" pinswap="0" gateswap="0" gate="1" group="1" side="" type="Any" name="NVP" />
    <comppin designator="F6" sympin="51" pinswap="0" gateswap="0" gate="1" group="1" side="" type="Any" name="CHGIN_1" />
    <comppin designator="F7" sympin="52" pinswap="0" gateswap="0" gate="1" group="1" side="" type="Any" name="CHGIN_2" />
    <comppin designator="F8" sympin="53" pinswap="0" gateswap="0" gate="1" group="1" side="" type="Any" name="CHGIN_3" />
    <comppin designator="F9" sympin="54" pinswap="0" gateswap="0" gate="1" group="1" side="" type="Any" name="CHGIN_4" />
    <attached_symbol gate="1" name="MAX14748BEWW+T" />
    <pinmap designator="A1" footprintpin="1" />
    <pinmap designator="A2" footprintpin="2" />
    <pinmap designator="A3" footprintpin="3" />
    <pinmap designator="A4" footprintpin="4" />
    <pinmap designator="A5" footprintpin="5" />
    <pinmap designator="A6" footprintpin="6" />
    <pinmap designator="A7" footprintpin="7" />
    <pinmap designator="A8" footprintpin="8" />
    <pinmap designator="A9" footprintpin="9" />
    <pinmap designator="B1" footprintpin="10" />
    <pinmap designator="B2" footprintpin="11" />
    <pinmap designator="B3" footprintpin="12" />
    <pinmap designator="B4" footprintpin="13" />
    <pinmap designator="B5" footprintpin="14" />
    <pinmap designator="B6" footprintpin="15" />
    <pinmap designator="B7" footprintpin="16" />
    <pinmap designator="B8" footprintpin="17" />
    <pinmap designator="B9" footprintpin="18" />
    <pinmap designator="C1" footprintpin="19" />
    <pinmap designator="C2" footprintpin="20" />
    <pinmap designator="C3" footprintpin="21" />
    <pinmap designator="C4" footprintpin="22" />
    <pinmap designator="C5" footprintpin="23" />
    <pinmap designator="C6" footprintpin="24" />
    <pinmap designator="C7" footprintpin="25" />
    <pinmap designator="C8" footprintpin="26" />
    <pinmap designator="C9" footprintpin="27" />
    <pinmap designator="D1" footprintpin="28" />
    <pinmap designator="D2" footprintpin="29" />
    <pinmap designator="D3" footprintpin="30" />
    <pinmap designator="D4" footprintpin="31" />
    <pinmap designator="D5" footprintpin="32" />
    <pinmap designator="D6" footprintpin="33" />
    <pinmap designator="D7" footprintpin="34" />
    <pinmap designator="D8" footprintpin="35" />
    <pinmap designator="D9" footprintpin="36" />
    <pinmap designator="E1" footprintpin="37" />
    <pinmap designator="E2" footprintpin="38" />
    <pinmap designator="E3" footprintpin="39" />
    <pinmap designator="E4" footprintpin="40" />
    <pinmap designator="E5" footprintpin="41" />
    <pinmap designator="E6" footprintpin="42" />
    <pinmap designator="E7" footprintpin="43" />
    <pinmap designator="E8" footprintpin="44" />
    <pinmap designator="E9" footprintpin="45" />
    <pinmap designator="F1" footprintpin="46" />
    <pinmap designator="F2" footprintpin="47" />
    <pinmap designator="F3" footprintpin="48" />
    <pinmap designator="F4" footprintpin="49" />
    <pinmap designator="F5" footprintpin="50" />
    <pinmap designator="F6" footprintpin="51" />
    <pinmap designator="F7" footprintpin="52" />
    <pinmap designator="F8" footprintpin="53" />
    <pinmap designator="F9" footprintpin="54" />
    <text name="Datasheet" originx="0" originy="0" style="Default" rotation="0" justify="" flipped="False" hidden="True" data="https://pdfserv.maximintegrated.com/en/ds/MAX14748.pdf" />
    <text name="Description" originx="0" originy="0" style="Default" rotation="0" justify="" flipped="False" hidden="True" data="Battery Management 2 Cell Charger with Type C support" />
    <text name="Mouser Part Number" originx="0" originy="0" style="Default" rotation="0" justify="" flipped="False" hidden="True" data="700-MAX14748BEWW+T" />
    <text name="Mouser Price/Stock" originx="0" originy="0" style="Default" rotation="0" justify="" flipped="False" hidden="True" data="https://www.mouser.co.uk/ProductDetail/Maxim-Integrated/MAX14748BEWW%2bT?qs=byeeYqUIh0MvtS4BYshA6Q%3D%3D" />
    <text name="Manufacturer_Name" originx="0" originy="0" style="Default" rotation="0" justify="" flipped="False" hidden="True" data="Analog Devices" />
    <text name="Manufacturer_Part_Number" originx="1250" originy="200" style="Default" rotation="0" justify="left" flipped="False" hidden="False" data="MAX14748BEWW+T" />
  </component>
</quadcept_library>
