TITLE: Bill of Materials
DATE: 07/19/2017
DESIGN: max14748_evkit_b



ITEM,QTY,REF DES,MAXINV,MFG PART #,MANUFACTURER,VALUE,DESCRIPTION,COMMENTS
1,6,"C1, C15-C19",20-000U1-BA63,GCJ188R71H104KA12; GCM188R71H104K; CGA3E2X7R1H104K080AA,MURATA; TDK,0.1UF,CAPACITOR; SMT (0603); CERAMIC CHIP; 0.1UF; 50V; TOL=10%; TG=-55 DEGC TO +125 DEGC; TC=X7R; AUTO, 
2,1,C2,20-3900P-26,C1608C0G1H392K080AA,TDK,3900PF,CAP;SMT (0603);3900PF;10%;50V;C0G;CERAMIC CHIP , 
3,4,"C3, C9, C11, C12",20-0001U-10A,CL10B105KP8NFN,SAMSUNG ELECTRONICS,1UF,CAPACITOR; SMT (0603); CERAMIC; 1UF; 10V; TOL=10%; TG=-55 DEGC TO +125 DEGC; TC=X7R, 
4,4,C4-C7,20-0022U-G9,GRM32ER71E226KE15; CL32B226KAJNFN; CL32B226KAJNNW,MURATA; SAMSUNG ELECTRONICS,22UF,CAPACITOR; SMT (1210); CERAMIC CHIP; 22UF; 25V; TOL=10%; TG=-55 DEGC TO +125 DEGC; TC=X7R, 
5,2,"C10, C13",20-0001U-CA42,CGA4J3X7R1H105K125AB,TDK,1UF,CAPACITOR; SMT (0805); CERAMIC CHIP; 1UF; 50V; TOL=10%; TG=-55 DEGC TO +125 DEGC; TC=X7R; AUTO, 
6,1,J1,01-DX07S024JJ324P-26,DX07S024JJ3,JAE ELECTRONIC INDUSTRY,DX07S024JJ3,CONNECTOR; FEMALE; SMT; USB TYPE-C CONNECTOR; DX07 SERIES RECEPTACLE; RIGHT ANGLE; 24PINS, 
7,1,J3,01-190381414P-26,1903814-1,TE CONNECTIVITY,1903814-1,CONNECTOR; FEMALE; THROUGH HOLE; INDUSTRIAL USB RECEPTACLE ASSEMBLY; RIGHT ANGLE; 1 ROW; STRAIGHT; 4PINS; NOTE: SPECIAL ORDER ONLY. PURCHASING OF THIS PRODUCT IS CASE-TO-CASE BASIS., 
8,1,J5,01-TSW10608SDRA12P-17,TSW-106-08-S-D-RA,SAMTEC,TSW-106-08-S-D-RA,CONNECTOR; THROUGH HOLE; DOUBLE ROW; RIGHT ANGLE; 12PINS; THIS PART IS DEDICATED FOR PMOD PERIPHERAL BOARD, 
9,11,"J6, JU1, JU3, JU4, JU7-JU13",01-PBC02SAAN2P-21,PBC02SAAN,SULLINS ELECTRONICS CORP.,PBC02SAAN,EVKIT PART-CONNECTOR; MALE; THROUGH HOLE; BREAKAWAY; STRAIGHT; 2PINS; -65 DEGC TO +125 DEGC; NOTE: DRILL HOLE: 36MILS AND PAD DIAMETER: 60MILS, 
10,1,JU2,01-PBC02DAAN4P-21,PBC02DAAN,SULLINS ELECTRONIC CORP.,PBC02DAAN,CONNECTOR; MALE; THROUGH HOLE; BREAKAWAY; STRAIGHT; 4PINS, 
11,2,"JU5, JU6",01-PEC03SAAN3P-21,PEC03SAAN,SULLINS ELECTRONICS CORP.,PEC03SAAN,EVKIT PART-CONNECTOR; MALE; THROUGH HOLE; BREAKAWAY; STRAIGHT; 3PINS; -65 DEGC TO +125 DEGC; NOTE: DRILL HOLE: 36MILS AND PAD DIAMETER: 60MILS, 
12,1,L1,50-002U2-SM36,XFL4020-222ME,COILCRAFT,2.2UH,INDUCTOR; SMT; METAL COMPOSITE CORE; 2.2UH; TOL=+/-20%; 8A; -40 DEGC TO +125 DEGC, 
13,5,LED1-LED5,30-LGL29KG2J124-00,LG L29K-G2J1-24,OSRAM,LG L29K-G2J1-24,DIODE; LED; SMT (0603); Vf=1.7V; If(test)=0.002A; -40 DEGC TO +100 DEGC, 
14,1,PB1,11-18259106-00,1825910-6,TE CONNECTIVITY,1825910-6,SWITCH; SPST; THROUGH HOLE; 24V; 0.05A; TACTILE SWITCH; RCOIL=0 OHM; RINSULATION=100M OHM; TE CONNECTIVITY, 
15,1,Q1,90-RRL035P03-25,RRL035P03,ROHM,RRL035P03,TRAN; POWER MOSFET; PCH; TUMT6; PD-(1.0W); I-(-3.5V); V-(-30V), 
16,1,Q2,10-NX5P2924BUK-W,NX5P2924BUK,NXP,NX5P2924BUK,IC; SWTC; LOGIC CONTROLLED HIGH-SIDE POWER SWITCH; WLCSP6, 
17,7,"R1-R4, R11, R18, R19",80-03K92-71,TNPW06033K92BE,VISHAY DALE,3.92K,"RESISTOR, 0603, 3.92K OHM, 0.1%, 25PPM, 0.10W, THICK FILM", 
18,5,"R5-R8, R17",80-0499R-19,CRCW0603499RFK; RK73H1J4990FT; ERJ-3EKF4990V; RC1608F4990,KOA; VISHAY; PANASONIC; SAMSUNG,499,RESISTOR; 0603; 499 OHM; 1%; 100PPM; 0.10W; THICK FILM, 
19,2,"R9, R20",80-0001K-71,TNPW06031K00BE; RG1608P-102-B-T5,VISHAY DALE/SUSUMU CO LTD.,1K,RESISTOR; 0603; 1K OHM; 0.1%; 25PPM; 0.10W; THICK FILM, 
20,2,"R12, R15",80-0010K-53,CRCW060310K0JN; ERJ-3GEYJ103V,VISHAY DALE; PANASONIC,10K,RESISTOR; 0603; 10K OHM; 5%; 200PPM; 0.10W; THICK FILM, 
21,1,R13,80-0500K-CA66,64WR500KLF,TT ELECTRONICS,500K,RESISTOR; THROUGH HOLE; 64 SERIES; 500K OHM; 10%; 100PPM; 0.25W, 
22,1,R14,80-0100K-24,CRCW06031003FK; ERJ-3EKF1003,VISHAY DALE/PANASONIC,100K,RESISTOR; 0603; 100K; 1%; 100PPM; 0.10W; THICK FILM, 
23,1,R16,80-0100K-33A,PV37W104C01B00,BOURNS,100K,RESISTOR; THROUGH HOLE; PV37 SERIES; 100K OHM; 10%; 150PPM; 0.25W, 
24,14,"SU1, SU3-SU13, SU2A, SU2B",02-JMPFS1100B-00,SX1100-B,KYCON,SX1100-B,TEST POINT; JUMPER; STR; TOTAL LENGTH=0.24IN; BLACK; INSULATION=PBT;PHOSPHOR BRONZE CONTACT=GOLD PLATED, 
25,5,"TP1-TP4, TP6",02-TPMINI5010-00,5010,KEYSTONE,N/A,"TESTPOINT WITH 1.80MM HOLE DIA, RED, MULTIPURPOSE; NOT FOR COLD TEST", 
26,6,"TP5, TP7, TP8, TP18-TP20",02-TPMINI5003-00,5003,KEYSTONE,N/A,TEST POINT; PIN DIA=0.1IN; TOTAL LENGTH=0.3IN; BOARD HOLE=0.04IN; ORANGE; PHOSPHOR BRONZE WIRE SILVER PLATE FINISH; RECOMMENDED FOR BOARD THICKNESS=0.062IN; NOT FOR COLD TEST, 
27,7,TP9-TP15,02-TPMINI5011-00,5011,KEYSTONE,N/A,TEST POINT; PIN DIA=0.125IN; TOTAL LENGTH=0.445IN; BOARD HOLE=0.063IN; BLACK; PHOSPHOR BRONZE WIRE SILVER PLATE FINISH; RECOMMENDED FOR BOARD THICKNESS=0.062IN; NOT FOR COLD TEST, 
28,2,"TP16, TP17",02-TPMINI5004-00,5004,KEYSTONE,N/A,TEST POINT; PIN DIA=0.1IN; TOTAL LENGTH=0.3IN; BOARD HOLE=0.04IN; YELLOW; PHOSPHOR BRONZE WIRE SILVER PLATE FINISH; RECOMMENDED FOR BOARD THICKNESS=0.062IN; NOT FOR COLD TEST, 
29,1,U1,00-SAMPLE-01,MAX14748,MAXIM,MAX14748,EVKIT PART-IC; USB TYPE-C CHARGER; WLP54; PKG CODE: W542C3+1; PKG OUTLINE NO.: 21-100122, 
30,2,"U2, U3",10-NC7WZ07P6X-X,NC7WZ07P6X,FAIRCHILD SEMICONDUCTOR,NC7WZ07P6X,IC; BUF; TINY LOGIC ULTRA-HIGH SPEED DUAL BUFFER; SC70-6, 
31,1,PCB,EPCB,MAX,MAXIM,PCB,PCB:MAX,-,-
TOTAL,100

DO NOT PURCHASE(DNP)
ITEM,QTY,REF DES,MAXINV,MFG PART #,MANUFACTURER,VALUE,DESCRIPTION,COMMENTS
TOTAL,0

PACKOUT (These are purchased parts but not assembled on PCB and will be shipped with PCB)
ITEM,QTY,REF DES,MAXINV,MFG PART #,MANUFACTURER,VALUE,DESCRIPTION,COMMENTS
TOTAL,0
