<?xml version="1.0" encoding="utf-8"?>
<!--/20524898/90309/2.50/6/3/Integrated Circuit/-->
<quadcept_library>
  <setting unit="mil" />
  <textstyle name="Default" height="47.244094488189" strokewidth="7.8740157480315" charwidth="47.244094488189" />
  <textstyle name="Dimension" height="19.6850393700787" strokewidth="0" charwidth="19.6850393700787" />
  <textstyle name="H127W0635TH00762" height="50" strokewidth="3" charwidth="25" />
  <textstyle name="H15W15TH02" height="59.0551181102362" strokewidth="7.8740157480315" charwidth="59.0551181102362" />
  <padstyle name="c21.7" surface="True" plated="False" isvia="False" nopaste="False" nomask="True" complex="False" holesize="0">
    <padshape layer="TOP" shape="round" width="8.5433070866141" height="8.5433070866141" />
    <padshape layer="TOP_SOLDER_MASK" shape="round" width="16.417322834645" height="16.417322834645" />
    <padshape layer="TOP_SOLDER_PASTE" shape="round" width="8.5433070866141" height="8.5433070866141" />
  </padstyle>
  <footprint name="BGA6C50P2X3_89X139X50" originx="0" originy="0" pickpointx="0" pickpointy="0">
    <pcbpin number="1" name="A1" style="c21.7" originx="-9.8425196850392" originy="19.685039370078" rotation="90" />
    <pcbpin number="2" name="A2" style="c21.7" originx="9.8425196850392" originy="19.685039370078" rotation="90" />
    <pcbpin number="3" name="B1" style="c21.7" originx="-9.8425196850392" originy="0" rotation="90" />
    <pcbpin number="4" name="B2" style="c21.7" originx="9.8425196850392" originy="0" rotation="90" />
    <pcbpin number="5" name="C1" style="c21.7" originx="-9.8425196850392" originy="-19.685039370078" rotation="90" />
    <pcbpin number="6" name="C2" style="c21.7" originx="9.8425196850392" originy="-19.685039370078" rotation="90" />
    <line layer="TOP_PLACE_BOUND" originx="-37.204724409448" originy="47.047244094488" endx="37.204724409448" endy="47.047244094488" width="1.9685039370079" />
    <line layer="TOP_PLACE_BOUND" originx="37.204724409448" originy="47.047244094488" endx="37.204724409448" endy="-47.047244094488" width="1.9685039370079" />
    <line layer="TOP_PLACE_BOUND" originx="37.204724409448" originy="-47.047244094488" endx="-37.204724409448" endy="-47.047244094488" width="1.9685039370079" />
    <line layer="TOP_PLACE_BOUND" originx="-37.204724409448" originy="-47.047244094488" endx="-37.204724409448" endy="47.047244094488" width="1.9685039370079" />
    <line layer="TOP_ASSEMBLY" originx="-17.51968503937" originy="27.362204724409" endx="17.51968503937" endy="27.362204724409" width="3.9370078740157" />
    <line layer="TOP_ASSEMBLY" originx="17.51968503937" originy="27.362204724409" endx="17.51968503937" endy="-27.362204724409" width="3.9370078740157" />
    <line layer="TOP_ASSEMBLY" originx="17.51968503937" originy="-27.362204724409" endx="-17.51968503937" endy="-27.362204724409" width="3.9370078740157" />
    <line layer="TOP_ASSEMBLY" originx="-17.51968503937" originy="-27.362204724409" endx="-17.51968503937" endy="27.362204724409" width="3.9370078740157" />
    <line layer="TOP_ASSEMBLY" originx="-17.51968503937" originy="13.700787401575" endx="-3.8188976377952" endy="27.401574803149" width="3.9370078740157" />
    <line layer="TOP_SILKSCREEN" originx="-9.8425196850392" originy="37.71653543307" endx="27.874015748031" endy="37.71653543307" width="7.8740157480314" />
    <line layer="TOP_SILKSCREEN" originx="27.874015748031" originy="37.71653543307" endx="27.874015748031" endy="-37.755905511811" width="7.8740157480314" />
    <line layer="TOP_SILKSCREEN" originx="27.874015748031" originy="-37.755905511811" endx="-27.913385826771" endy="-37.755905511811" width="7.8740157480314" />
    <line layer="TOP_SILKSCREEN" originx="-27.913385826771" originy="-37.755905511811" endx="-27.913385826771" endy="19.645669291338" width="7.8740157480314" />
    <line layer="TOP_SILKSCREEN" originx="-27.913385826771" originy="19.645669291338" endx="-9.8818897637794" endy="37.67716535433" width="7.8740157480314" />
    <arc layer="TOP_SILKSCREEN" originx="-27.874015748031" originy="37.71653543307" startangle="180" sweepangle="180" radius="3.9370078740157" width="7.8740157480314" />
    <arc layer="TOP_SILKSCREEN" originx="-27.874015748031" originy="37.71653543307" startangle="180" sweepangle="-180" radius="3.9370078740157" width="7.8740157480314" />
  </footprint>
  <symbol name="NX5P2924DUKZ" originx="0" originy="0">
    <line originx="200" originy="100" endx="1100" endy="100" width="0" />
    <line originx="1100" originy="-300" endx="1100" endy="100" width="0" />
    <line originx="1100" originy="-300" endx="200" endy="-300" width="0" />
    <line originx="200" originy="100" endx="200" endy="-300" width="0" />
    <sympin number="1" originx="200" originy="0" rotation="180" length="100" width="7.8740157480315" flipped="False">
      <text name="pinname" originx="230" originy="0" style="Default" rotation="0" justify="left" flipped="False" hidden="False" data="VOUT_1" />
      <text name="pindes" originx="140" originy="20" style="Default" rotation="0" justify="lowerright" flipped="False" hidden="False" data="A1" />
    </sympin>
    <sympin number="2" originx="200" originy="-100" rotation="180" length="100" width="7.8740157480315" flipped="False">
      <text name="pinname" originx="230" originy="-100" style="Default" rotation="0" justify="left" flipped="False" hidden="False" data="VIN_1" />
      <text name="pindes" originx="140" originy="-80" style="Default" rotation="0" justify="lowerright" flipped="False" hidden="False" data="A2" />
    </sympin>
    <sympin number="3" originx="200" originy="-200" rotation="180" length="100" width="7.8740157480315" flipped="False">
      <text name="pinname" originx="230" originy="-200" style="Default" rotation="0" justify="left" flipped="False" hidden="False" data="VOUT_2" />
      <text name="pindes" originx="140" originy="-180" style="Default" rotation="0" justify="lowerright" flipped="False" hidden="False" data="B1" />
    </sympin>
    <sympin number="4" originx="1100" originy="0" rotation="0" length="100" width="7.8740157480315" flipped="False">
      <text name="pinname" originx="1070" originy="0" style="Default" rotation="0" justify="right" flipped="False" hidden="False" data="VIN_2" />
      <text name="pindes" originx="1160" originy="20" style="Default" rotation="0" justify="lowerleft" flipped="False" hidden="False" data="B2" />
    </sympin>
    <sympin number="5" originx="1100" originy="-100" rotation="0" length="100" width="7.8740157480315" flipped="False">
      <text name="pinname" originx="1070" originy="-100" style="Default" rotation="0" justify="right" flipped="False" hidden="False" data="GND" />
      <text name="pindes" originx="1160" originy="-80" style="Default" rotation="0" justify="lowerleft" flipped="False" hidden="False" data="C1" />
    </sympin>
    <sympin number="6" originx="1100" originy="-200" rotation="0" length="100" width="7.8740157480315" flipped="False">
      <text name="pinname" originx="1070" originy="-200" style="Default" rotation="0" justify="right" flipped="False" hidden="False" data="EN" />
      <text name="pindes" originx="1160" originy="-180" style="Default" rotation="0" justify="lowerleft" flipped="False" hidden="False" data="C2" />
    </sympin>
  </symbol>
  <component name="NX5P2924DUKZ" designatorprefix="IC" height="19.685039370078" footprint="BGA6C50P2X3_89X139X50">
    <comppin designator="A1" sympin="1" pinswap="0" gateswap="0" gate="1" group="1" side="" type="Any" name="VOUT_1" />
    <comppin designator="A2" sympin="2" pinswap="0" gateswap="0" gate="1" group="1" side="" type="Any" name="VIN_1" />
    <comppin designator="B1" sympin="3" pinswap="0" gateswap="0" gate="1" group="1" side="" type="Any" name="VOUT_2" />
    <comppin designator="B2" sympin="4" pinswap="0" gateswap="0" gate="1" group="1" side="" type="Any" name="VIN_2" />
    <comppin designator="C1" sympin="5" pinswap="0" gateswap="0" gate="1" group="1" side="" type="Any" name="GND" />
    <comppin designator="C2" sympin="6" pinswap="0" gateswap="0" gate="1" group="1" side="" type="Any" name="EN" />
    <attached_symbol gate="1" name="NX5P2924DUKZ" />
    <pinmap designator="A1" footprintpin="1" />
    <pinmap designator="A2" footprintpin="2" />
    <pinmap designator="B1" footprintpin="3" />
    <pinmap designator="B2" footprintpin="4" />
    <pinmap designator="C1" footprintpin="5" />
    <pinmap designator="C2" footprintpin="6" />
    <text name="Datasheet" originx="0" originy="0" style="Default" rotation="0" justify="" flipped="False" hidden="True" data="https://www.mouser.tw/datasheet/2/302/NX5P2924D-3051736.pdf" />
    <text name="Description" originx="0" originy="0" style="Default" rotation="0" justify="" flipped="False" hidden="True" data="Power Switch ICs - Power Distribution Logic-Controlled High-Side Power Switch" />
    <text name="Manufacturer_Name" originx="0" originy="0" style="Default" rotation="0" justify="" flipped="False" hidden="True" data="NXP" />
    <text name="Manufacturer_Part_Number" originx="1150" originy="200" style="Default" rotation="0" justify="left" flipped="False" hidden="False" data="NX5P2924DUKZ" />
    <text name="Mouser Part Number" originx="0" originy="0" style="Default" rotation="0" justify="" flipped="False" hidden="True" data="" />
    <text name="Mouser Price/Stock" originx="0" originy="0" style="Default" rotation="0" justify="" flipped="False" hidden="True" data="" />
    <text name="Arrow Part Number" originx="0" originy="0" style="Default" rotation="0" justify="" flipped="False" hidden="True" data="" />
    <text name="Arrow Price/Stock" originx="0" originy="0" style="Default" rotation="0" justify="" flipped="False" hidden="True" data="" />
  </component>
</quadcept_library>
