<?xml version="1.0" encoding="utf-8"?>
<!--/727564/90309/2.50/6/2/MOSFET (P-Channel)/-->
<quadcept_library>
  <setting unit="mil" />
  <textstyle name="Default" height="47.244094488189" strokewidth="7.8740157480315" charwidth="47.244094488189" />
  <textstyle name="Dimension" height="19.6850393700787" strokewidth="0" charwidth="19.6850393700787" />
  <textstyle name="H127W0635TH00762" height="50" strokewidth="3" charwidth="25" />
  <textstyle name="H15W15TH02" height="59.0551181102362" strokewidth="7.8740157480315" charwidth="59.0551181102362" />
  <padstyle name="s50" surface="True" plated="False" isvia="False" nopaste="False" nomask="True" complex="False" holesize="0">
    <padshape layer="TOP" shape="square" width="19.685039370078" height="19.685039370078" />
    <padshape layer="TOP_SOLDER_MASK" shape="square" width="27.55905511811" height="27.55905511811" />
    <padshape layer="TOP_SOLDER_PASTE" shape="square" width="19.685039370078" height="19.685039370078" />
  </padstyle>
  <footprint name="RRL035P03TR" originx="0" originy="0" pickpointx="0" pickpointy="0">
    <pcbpin number="1" name="1" style="s50" originx="-25.590551181102" originy="-33.464566929133" rotation="90" />
    <pcbpin number="2" name="2" style="s50" originx="0" originy="-33.464566929133" rotation="90" />
    <pcbpin number="3" name="3" style="s50" originx="25.590551181102" originy="-33.464566929133" rotation="90" />
    <pcbpin number="4" name="4" style="s50" originx="25.590551181102" originy="33.464566929133" rotation="90" />
    <pcbpin number="5" name="5" style="s50" originx="0" originy="33.464566929133" rotation="90" />
    <pcbpin number="6" name="6" style="s50" originx="-25.590551181102" originy="33.464566929133" rotation="90" />
    <line layer="TOP_ASSEMBLY" originx="-39.370078740157" originy="-33.464566929133" endx="39.370078740157" endy="-33.464566929133" width="3.9370078740157" />
    <line layer="TOP_ASSEMBLY" originx="39.370078740157" originy="-33.464566929133" endx="39.370078740157" endy="33.464566929133" width="3.9370078740157" />
    <line layer="TOP_ASSEMBLY" originx="39.370078740157" originy="33.464566929133" endx="-39.370078740157" endy="33.464566929133" width="3.9370078740157" />
    <line layer="TOP_ASSEMBLY" originx="-39.370078740157" originy="33.464566929133" endx="-39.370078740157" endy="-33.464566929133" width="3.9370078740157" />
    <line layer="TOP_PLACE_BOUND" originx="-78.740157480314" originy="82.67716535433" endx="78.740157480314" endy="82.67716535433" width="3.9370078740157" />
    <line layer="TOP_PLACE_BOUND" originx="78.740157480314" originy="82.67716535433" endx="78.740157480314" endy="-82.67716535433" width="3.9370078740157" />
    <line layer="TOP_PLACE_BOUND" originx="78.740157480314" originy="-82.67716535433" endx="-78.740157480314" endy="-82.67716535433" width="3.9370078740157" />
    <line layer="TOP_PLACE_BOUND" originx="-78.740157480314" originy="-82.67716535433" endx="-78.740157480314" endy="82.67716535433" width="3.9370078740157" />
    <line layer="TOP_SILKSCREEN" originx="-27.55905511811" originy="-62.992125984251" endx="-27.55905511811" endy="-62.992125984251" width="3.9370078740157" />
    <arc layer="TOP_SILKSCREEN" originx="-27.55905511811" originy="-61.023622047243" startangle="-90.0" sweepangle="180.0" radius="1.9685039370079" width="3.9370078740157" />
    <line layer="TOP_SILKSCREEN" originx="-27.55905511811" originy="-59.055118110235" endx="-27.55905511811" endy="-59.055118110235" width="3.9370078740157" />
    <arc layer="TOP_SILKSCREEN" originx="-27.55905511811" originy="-61.023622047243" startangle="90.0" sweepangle="180.0" radius="1.9685039370079" width="3.9370078740157" />
    <line layer="TOP_SILKSCREEN" originx="-27.55905511811" originy="-62.992125984251" endx="-27.55905511811" endy="-62.992125984251" width="3.9370078740157" />
    <arc layer="TOP_SILKSCREEN" originx="-27.55905511811" originy="-61.023622047243" startangle="-90.0" sweepangle="180.0" radius="1.9685039370079" width="3.9370078740157" />
    <line layer="TOP_SILKSCREEN" originx="-39.370078740157" originy="-7.8740157480314" endx="-39.370078740157" endy="7.8740157480314" width="7.8740157480314" />
    <line layer="TOP_SILKSCREEN" originx="39.370078740157" originy="-7.8740157480314" endx="39.370078740157" endy="7.8740157480314" width="7.8740157480314" />
  </footprint>
  <symbol name="RRL035P03TR" originx="0" originy="0">
    <line originx="200" originy="100" endx="1200" endy="100" width="0" />
    <line originx="1200" originy="-300" endx="1200" endy="100" width="0" />
    <line originx="1200" originy="-300" endx="200" endy="-300" width="0" />
    <line originx="200" originy="100" endx="200" endy="-300" width="0" />
    <sympin number="1" originx="200" originy="0" rotation="180" length="100" width="7.8740157480315" flipped="False">
      <text name="pinname" originx="230" originy="0" style="Default" rotation="0" justify="left" flipped="False" hidden="False" data="DRAIN_1" />
      <text name="pindes" originx="140" originy="20" style="Default" rotation="0" justify="lowerright" flipped="False" hidden="False" data="1" />
    </sympin>
    <sympin number="2" originx="200" originy="-100" rotation="180" length="100" width="7.8740157480315" flipped="False">
      <text name="pinname" originx="230" originy="-100" style="Default" rotation="0" justify="left" flipped="False" hidden="False" data="DRAIN_2" />
      <text name="pindes" originx="140" originy="-80" style="Default" rotation="0" justify="lowerright" flipped="False" hidden="False" data="2" />
    </sympin>
    <sympin number="3" originx="200" originy="-200" rotation="180" length="100" width="7.8740157480315" flipped="False">
      <text name="pinname" originx="230" originy="-200" style="Default" rotation="0" justify="left" flipped="False" hidden="False" data="GATE" />
      <text name="pindes" originx="140" originy="-180" style="Default" rotation="0" justify="lowerright" flipped="False" hidden="False" data="3" />
    </sympin>
    <sympin number="4" originx="1200" originy="-200" rotation="0" length="100" width="7.8740157480315" flipped="False">
      <text name="pinname" originx="1170" originy="-200" style="Default" rotation="0" justify="right" flipped="False" hidden="False" data="SOURCE" />
      <text name="pindes" originx="1260" originy="-180" style="Default" rotation="0" justify="lowerleft" flipped="False" hidden="False" data="4" />
    </sympin>
    <sympin number="5" originx="1200" originy="-100" rotation="0" length="100" width="7.8740157480315" flipped="False">
      <text name="pinname" originx="1170" originy="-100" style="Default" rotation="0" justify="right" flipped="False" hidden="False" data="DRAIN_3" />
      <text name="pindes" originx="1260" originy="-80" style="Default" rotation="0" justify="lowerleft" flipped="False" hidden="False" data="5" />
    </sympin>
    <sympin number="6" originx="1200" originy="0" rotation="0" length="100" width="7.8740157480315" flipped="False">
      <text name="pinname" originx="1170" originy="0" style="Default" rotation="0" justify="right" flipped="False" hidden="False" data="DRAIN_4" />
      <text name="pindes" originx="1260" originy="20" style="Default" rotation="0" justify="lowerleft" flipped="False" hidden="False" data="6" />
    </sympin>
  </symbol>
  <component name="RRL035P03TR" designatorprefix="Q" height="33.464566929133" footprint="RRL035P03TR">
    <comppin designator="1" sympin="1" pinswap="0" gateswap="0" gate="1" group="1" side="" type="Any" name="DRAIN_1" />
    <comppin designator="2" sympin="2" pinswap="0" gateswap="0" gate="1" group="1" side="" type="Any" name="DRAIN_2" />
    <comppin designator="3" sympin="3" pinswap="0" gateswap="0" gate="1" group="1" side="" type="Any" name="GATE" />
    <comppin designator="4" sympin="4" pinswap="0" gateswap="0" gate="1" group="1" side="" type="Any" name="SOURCE" />
    <comppin designator="5" sympin="5" pinswap="0" gateswap="0" gate="1" group="1" side="" type="Any" name="DRAIN_3" />
    <comppin designator="6" sympin="6" pinswap="0" gateswap="0" gate="1" group="1" side="" type="Any" name="DRAIN_4" />
    <attached_symbol gate="1" name="RRL035P03TR" />
    <pinmap designator="1" footprintpin="1" />
    <pinmap designator="2" footprintpin="2" />
    <pinmap designator="3" footprintpin="3" />
    <pinmap designator="4" footprintpin="4" />
    <pinmap designator="5" footprintpin="5" />
    <pinmap designator="6" footprintpin="6" />
    <text name="Datasheet" originx="0" originy="0" style="Default" rotation="0" justify="" flipped="False" hidden="True" data="https://fscdn.rohm.com/en/products/databook/datasheet/discrete/transistor/mosfet/rrl035p03tr-e.pdf" />
    <text name="Description" originx="0" originy="0" style="Default" rotation="0" justify="" flipped="False" hidden="True" data="4V Drive Pch MOSFET" />
    <text name="Mouser Part Number" originx="0" originy="0" style="Default" rotation="0" justify="" flipped="False" hidden="True" data="755-RRL035P03TR" />
    <text name="Mouser Price/Stock" originx="0" originy="0" style="Default" rotation="0" justify="" flipped="False" hidden="True" data="https://www.mouser.co.uk/ProductDetail/ROHM-Semiconductor/RRL035P03TR?qs=IDm2WsMLa1XHTVsqghdSgw%3D%3D" />
    <text name="Manufacturer_Name" originx="0" originy="0" style="Default" rotation="0" justify="" flipped="False" hidden="True" data="ROHM Semiconductor" />
    <text name="Manufacturer_Part_Number" originx="1250" originy="200" style="Default" rotation="0" justify="left" flipped="False" hidden="False" data="RRL035P03TR" />
  </component>
</quadcept_library>
